_id,name,email,age,location,gender
7895595e-7f25-47fe-a6f8-94b31bfab736,Alan Powell,jolsen@example.net,26,South Tina,Female
a274321b-304d-49c8-ad20-3f7c3b3073fc,Jennifer Allison,qfleming@example.net,27,East Williammouth,Female
e7d22fe7-bee5-4507-bcb8-8b4b999dc9fd,Amy Gillespie,wperez@example.net,60,East Emily,Other
45f2def4-1923-4f48-8870-924b2955d39e,Stephanie Barber,hwilson@example.net,20,Gonzalesberg,Other
1c007451-f2a9-4bc6-ac9e-bf3168eb0e86,Amber Richardson,aparker@example.com,59,Markville,Male
bb46046e-73c4-4b34-a5e3-6dd9f2dc90bf,Kristen Parker,brian57@example.com,27,North Jameschester,Other
870bc042-3755-427b-860c-18286e6be463,Kenneth Mclaughlin,teresacook@example.com,25,Port Timothymouth,Other
adf96a4e-6987-4731-8798-09b109ff65c3,Tyrone Smith,manuel39@example.com,53,Quinnfort,Male
51d492a7-56ad-44e6-bdd3-0571f77fccfc,Michele Price,fmorris@example.net,31,Maureenshire,Female
fbcfbac1-7731-4076-8e19-eef4717da14b,Joseph Lopez,adam27@example.com,25,West Richard,Female
